date,precipitation,Air_temp_mean,air_temp_max,Air_Temp_Min,Air_Pressure,RH,AH ,Wind_Speed_Mean ,Wind_Direction_Mean ,Solar_Radiation,PAR,soil_temp_5_cm_bare_avg,soil_temp_5_cm_sod_avg,Year,,,,
21.09.17,0,22,,,983,86.73,2.3,2.02,157.6,0,0.82,20.6,-28.7,2017,,,,
20.09.17,0,22.9,30.4,18,982,80.62,2.15,2.28,174.9,192.53,295.14,24.8,,2017,,,,
19.09.17,4,18.4,22.2,16.2,982,90.56,1.89,2.41,74,76.35,122.52,19.9,-27.6,2017,,,,
18.09.17,0,18.9,27,14.1,985,78.3,1.62,1.89,19.6,166.3,246.46,21.8,,2017,,,,
17.09.17,2,22,31.1,16.4,985,75.73,1.94,2.35,189.6,158.93,240.59,23.7,,2017,,,,
16.09.17,0,20.4,30.1,11.9,986,75.77,1.73,2.4,152.8,185.26,273.87,22.9,,2017,,,,
15.09.17,0,18.5,27.6,9.7,984,77.98,1.57,1.98,139.7,211.03,306.91,22.5,,2017,,,,
14.09.17,0,17.6,27.7,10.5,979,83.45,1.58,1.28,215.6,184.3,273.37,21.6,,2017,,,,
13.09.17,0,15.8,23.4,9.4,976,85.47,1.53,1.79,98,93.16,141.55,18.1,,2017,,,,
12.09.17,0,15.7,25.7,6.1,983,71.51,1.17,1.78,57.5,186.68,265.75,18.9,,2017,,,,
11.09.17,0,13.9,24.9,4,991,76.79,1.14,1.53,63.7,200.84,282.72,18.6,,2017,,,,
10.09.17,0,12.4,21.8,3.4,997,72.51,0.95,1.85,75.5,230.58,324.68,18.2,,2017,,,,
09.09.17,0,12.6,20.3,5.7,996,72.95,0.98,2.27,80.8,249.57,356.94,17.8,,2017,,,,
08.09.17,0,14.3,20.7,8.2,989,76.41,1.16,1.95,339.8,214.56,310.17,18.4,,2017,,,,
07.09.17,3,12.1,17,7.9,982,88.41,1.21,2.19,261.7,123.45,183.43,15.9,,2017,,,,
06.09.17,0,12,19.4,4.4,980,80.85,1.08,1.96,307,160.08,232.21,17.3,18,2017,,,,
05.09.17,0,15.3,20.9,8.5,976,76.92,1.29,3.32,280,206.67,293.7,20.2,19.6,2017,,,,
04.09.17,1,19.4,28.4,11.7,975,74.8,1.66,3.89,239.5,146.64,201.72,21,20.2,2017,,,,
03.09.17,0,18.2,25.9,12.8,981,68.26,1.38,3.06,261.2,229.18,330.8,22.7,20.1,2017,,,,
02.09.17,1,15.2,24.8,7.2,983,68.57,1.09,2.47,30,243.14,344.5,20.7,18.9,2017,,,,
01.09.17,0,13.5,20.5,7.6,989,67.52,0.98,3.19,74.5,234.4,318.54,18.8,19.1,2017,,,,
31.08.17,0,17.3,22.3,11.6,987,76.01,1.45,2.88,39.1,189.16,270.94,21.2,20.3,2017,,,,
30.08.17,0,18.8,26.3,11.2,984,80.3,1.65,1.73,286.7,232.78,356.78,22.2,20.3,2017,,,,
29.08.17,0,17.2,25.3,11.9,984,85.71,1.61,1.17,23.6,183.53,273.55,20.4,20,2017,,,,
28.08.17,3,17.3,23.3,13.8,985,82.74,1.59,1.38,88.6,141.25,212.71,19.9,20.2,2017,,,,
27.08.17,0,18.4,24.5,13.9,988,66.34,1.34,1.52,127,172.33,259.51,21.5,20.1,2017,,,,
26.08.17,0,15.7,25.6,6.1,992,73.31,1.19,1.04,92.7,249.48,370.5,20.3,18.9,2017,,,,
25.08.17,0,14,23.1,5.7,990,76.02,1.11,1.06,37.5,246.1,361,18.1,18.7,2017,,,,
24.08.17,0,13.1,19.9,8.1,986,85.12,1.24,0.78,17.9,112.95,166.75,16.2,19.6,2017,,,,
23.08.17,0,18.2,23,10.6,982,69.44,1.4,2.82,278.5,250.03,369.01,20.4,22,2017,,,,
22.08.17,3,21.2,24.5,15.6,980,81.84,2.04,4.1,245.2,152.02,225.99,22.7,23.4,2017,,,,
21.08.17,20,23.1,30.3,17.6,984,81.97,2.24,1.59,177.6,161.85,245.89,26.4,23.4,2017,,,,
20.08.17,0,20.5,30.8,10,984,74.69,1.65,1.29,183.8,249.78,367.45,25.2,22.1,2017,,,,
19.08.17,0,20.1,26.7,13.2,980,76.83,1.69,1.66,302.8,269.48,402.94,24.5,22.7,2017,,,,
18.08.17,1,20.3,22.5,14.9,976,81.96,1.93,3.32,255.9,105.43,154.26,21.9,23.1,2017,,,,
17.08.17,5,24.1,29,20,977,77.56,2.29,3.69,182.7,132.05,201.86,25.2,23.9,2017,,,,
16.08.17,0,23.1,31.2,15.2,983,74.88,1.97,1.71,127.5,240.08,354.76,26.3,23.2,2017,,,,
15.08.17,5,21.7,28.4,16.3,979,81.43,2,1.27,344.5,246.68,359.08,25.5,23.1,2017,,,,
14.08.17,0,21.5,28.4,15.6,980,73.24,1.76,1.84,187.4,208.25,299.48,25.6,22.4,2017,,,,
13.08.17,0,19.2,27.7,10.8,984,76.19,1.58,1.07,314.4,224.51,325.05,23.1,21.6,2017,,,,
12.08.17,0,19.3,24.8,15,983,79.85,1.71,2.88,294.2,224.62,335.97,22.7,22.4,2017,,,,
11.08.17,12,20.9,26.5,16.2,982,79.4,1.89,2.83,244.3,213.99,319.64,24.5,22.9,2017,,,,
10.08.17,0,20.3,28.6,12.6,986,69.81,1.51,1.98,154.2,256.38,380.65,26.9,22.4,2017,,,,
09.08.17,0,19.8,29,10.8,988,72.99,1.54,1.35,245.4,245.71,367.93,25.2,21.9,2017,,,,
08.08.17,0,19,27.2,9.5,987,70.13,1.43,2.09,294,293.71,439.67,24,21.5,2017,,,,
07.08.17,0,18.2,24.9,12.5,984,81.3,1.62,1.71,349.8,218.61,326.13,22.3,21.5,2017,,,,
06.08.17,2,17.6,24.3,11.8,984,85.7,1.67,1.02,197.6,124.85,185.78,20.6,21.2,2017,,,,
05.08.17,0,18.2,24.4,12.8,983,77.2,1.51,2.32,262.9,267.34,401.59,21.7,21.9,2017,,,,
04.08.17,10,16.3,19.7,13.3,978,90.09,1.66,4.55,228.2,99.95,150.5,20.1,22.3,2017,,,,
03.08.17,0,21,29.6,14.7,982,80.91,1.92,1.83,141.1,174.1,257.97,26.5,24,2017,,,,
02.08.17,0,23.2,30.3,16.3,983,71.43,1.89,2.03,244,275.76,411.94,29.2,24.5,2017,,,,
01.08.17,0,21.6,29.8,12.4,985,71.72,1.71,1.56,208.3,227.93,328.4,27.4,23.7,2017,,,,
31.07.17,0,21.3,29.9,11.7,988,68.76,1.58,1.65,287.3,289.08,423.45,28,23.7,2017,,,,
30.07.17,0,21.9,30,12.2,988,63.71,1.49,1.55,334.4,312.2,449.1,28.1,23.6,2017,,,,
29.07.17,0,19.5,27.9,11.1,986,60.29,1.27,2.73,32.6,287.01,420.04,26.2,23.1,2017,,,,
28.07.17,0,20.9,26.3,13.4,982,65.53,1.54,3.67,42.4,295.77,440.97,27.6,24.1,2017,,,,
27.07.17,0,23.7,30.4,16.8,980,77.17,2.18,2.05,60.6,263.33,389.83,29.2,24.3,2017,,,,
26.07.17,0,21.2,29.1,15,986,75.12,1.84,2.23,172.9,215.73,317,27.2,23.1,2017,,,,
25.07.17,0,19.5,28.1,10.4,989,68.44,1.38,1.34,119.1,300.15,445.71,26.9,22.8,2017,,,,
24.07.17,0,19.7,26.1,13.1,982,76.16,1.68,2.37,3.6,233.89,336.61,26,23.8,2017,,,,
23.07.17,0,23.4,29.2,19.4,976,81.91,2.28,2.24,290.5,244.29,369.72,28.8,25.3,2017,,,,
22.07.17,3,23.4,27.5,19.6,978,85.01,2.4,2.81,216.2,185.56,279.19,27,25.1,2017,,,,
21.07.17,0,23.8,31.5,16,982,79.59,2.23,1.32,349.3,261.06,370.92,29.8,24.6,2017,,,,
20.07.17,0,24.6,30.2,19.8,982,79.47,2.39,2.69,254.3,232.54,338.84,29.3,24.8,2017,,,,
19.07.17,0,24,31.3,15.9,985,78.74,2.28,1.41,249.5,263.76,390.55,29.7,24.1,2017,,,,
18.07.17,0,21.9,29.8,13.6,985,78.33,1.94,1.41,245.9,305.57,438.68,28.3,23.3,2017,,,,
17.07.17,0,20.3,28.8,14.6,984,78.32,1.74,1.68,130.9,285.22,407.89,26.1,23.2,2017,,,,
16.07.17,0,21.4,26.8,15.4,982,78.63,1.93,2.53,280.3,248,352.65,25.4,23.5,2017,,,,
15.07.17,0,19.5,26.3,12.8,986,80.65,1.74,1.82,279.7,312.72,454.7,24.5,23.3,2017,,,,
14.07.17,0,20.5,24.5,16,985,82.13,1.93,2.64,289.4,289.72,414.23,24.7,24.1,2017,,,,
13.07.17,4,23.3,26.1,19.6,982,88.86,2.49,2.89,229.6,145.68,209.41,25,24,2017,,,,
12.07.17,20,23.3,28.1,20.3,982,87.4,2.45,2.61,218.2,100.84,148,24.3,23.8,2017,,,,
11.07.17,0,24,30.2,18.5,979,83.96,2.41,1.53,142.3,208.14,303.62,26.9,23.8,2017,,,,
10.07.17,10,21.4,27.9,18.2,980,82.2,2.06,2.53,172,157.74,229.93,24.6,22.8,2017,,,,
09.07.17,0,20,27.9,10.5,983,64.11,1.39,2.39,232.9,300.66,432.88,26.7,22.4,2017,,,,
08.07.17,0,19.8,24.4,12.4,981,67.97,1.5,2.67,312.4,311.21,448.44,26.3,23.6,2017,,,,
07.07.17,9,23.3,28.5,17.6,978,75.26,2.09,2.94,243.6,291.59,424.31,27.4,24.1,2017,,,,
06.07.17,0,23.5,31.3,14.5,982,68.25,1.86,1.6,209.4,304.37,459.65,30,23.5,2017,,,,
05.07.17,0,22.4,30.6,13.1,987,64.98,1.6,1.37,117.7,314.82,457.36,27.8,23,2017,,,,
04.07.17,0,21.7,29.4,15.3,986,65.18,1.61,2.12,90.8,289.43,413.91,25.6,23,2017,,,,
03.07.17,3,21.1,27.1,16.6,985,75.45,1.78,2,54.9,296.57,421.21,25.7,22.9,2017,,,,
02.07.17,8,21,27.8,15.8,983,69.23,1.65,2.77,243.2,288.63,420,26.4,22.6,2017,,,,
01.07.17,0,22.4,26.3,18.2,979,75.93,1.96,3.06,246,301.01,434.22,26.6,23.1,2017,,,,
30.06.17,0,22.3,27.9,18.8,978,84.55,2.22,2.4,211.6,181.23,263.98,24.8,22.2,2017,,,,
29.06.17,14,22.6,28.8,17.1,977,75.8,2.02,4.13,220.9,240.63,347.63,23.9,21,2017,,,,
28.06.17,0,18.1,23.8,10.5,983,62.49,1.26,3.78,184.9,189.27,259.88,21.3,19.1,2017,,,,
27.06.17,0,15.9,21.9,9.3,985,67.14,1.13,2.73,269.7,304.39,420.7,22.4,19.7,2017,,,,
26.06.17,0,15.6,20.1,11.4,984,68.05,1.16,3.71,268.9,262.06,363.28,21.3,20.1,2017,,,,
25.06.17,1,16.8,20.4,13.2,983,64.6,1.19,3.77,260.3,286.69,405.32,22.7,20.7,2017,,,,
24.06.17,0,18.7,21.9,14.7,979,67.99,1.43,3.76,269.8,306.21,429.82,23.1,21.7,2017,,,,
23.06.17,5,22.1,24,17.8,972,78.79,2.07,3.69,255,186.91,254.66,23.9,22.4,2017,,,,
22.06.17,2,22.9,30.3,16.3,978,73.02,2.04,3.33,187.1,201.46,287.97,25.6,21.4,2017,,,,
21.06.17,0,18.2,26.4,9.4,982,72.34,1.38,1.06,246.3,287.25,402.43,22.7,20.1,2017,,,,
20.06.17,1,17.1,23.3,12.3,980,76.51,1.43,3.19,261.1,217.66,308.72,21.1,21,2017,,,,
19.06.17,0,19.4,23.4,14.7,976,70.66,1.54,3.34,255.6,273.26,385.69,22.9,22.1,2017,,,,
18.06.17,3,22.3,24.8,18.6,970,75.06,1.97,4.56,239.7,256.06,366.62,24.6,22.9,2017,,,,
17.06.17,7,23.2,30.3,19.4,972,78.23,2.18,3.03,189.5,145.13,208.28,24.8,22.2,2017,,,,
16.06.17,0,23.1,28.1,18.2,977,71.07,1.92,2.33,221.5,206.71,295.44,25.3,22.6,2017,,,,
15.06.17,0,23.4,28.5,18.3,978,77.62,2.14,2.35,228.2,273.89,399.21,27.1,23.4,2017,,,,
14.06.17,19,24.7,31.3,19.1,981,77.32,2.32,2.8,132.3,254.54,372.2,29.1,23,2017,,,,
13.06.17,0,25.9,33.3,21.5,981,68.46,2.21,2.09,209,252.06,367.32,30.6,22.3,2017,,,,
12.06.17,0,26.7,33,20.2,981,56.31,1.91,3.67,204.8,296.24,424.86,30.5,21.2,2017,,,,
11.06.17,0,26.1,31.9,20.5,981,50.68,1.67,4.6,204.4,295.18,416.49,29.7,20.3,2017,,,,
10.06.17,0,23.4,30.1,14.4,978,54.85,1.44,4.04,213.1,308.56,433.54,28.2,19.1,2017,,,,
09.06.17,0,20,27.5,14.4,976,65.75,1.47,2.44,213.5,274.28,378.03,26.3,18.1,2017,,,,
08.06.17,0,18.1,27.3,8.8,982,59.44,1.12,1.69,215.2,316.13,431.46,25.1,17.2,2017,,,,
07.06.17,0,17.5,24.8,9.6,985,58.37,1.06,3.22,33.9,325.91,439.17,23.7,17.1,2017,,,,
06.06.17,0,16.9,24.6,9.2,981,62.64,1.13,3.71,7.9,289.7,396.65,22.5,16.6,2017,,,,
05.06.17,0,17.4,22.6,12.2,976,77.35,1.48,2.9,25.7,207.34,282.28,22.5,17.3,2017,,,,
04.06.17,1,23.2,29.7,15.8,977,60.37,1.64,2.97,239.2,266.04,377.8,26.1,17.7,2017,,,,
03.06.17,1,19.3,27.5,9.5,983,59.15,1.21,1.33,264.8,208.03,284.52,23.1,16.1,2017,,,,
02.06.17,0,17.8,26.5,7.4,984,53.94,0.94,1.93,267.9,327.69,452.23,23.9,15.7,2017,,,,
01.06.17,0,16.7,23.5,8.5,984,52.05,0.88,2.48,284.3,338.97,459.8,22.6,15.6,2017,,,,
31.05.17,0,15.1,19.8,8.8,980,63.14,1.04,3.19,247.7,220.47,426.34,20.8,15.4,2017,,,,
30.05.17,0,16.3,20.6,9.9,979,58.93,1.04,2.97,242.8,143.39,369.75,20.3,15.8,2017,,,,
29.05.17,0,18.8,24.4,12.5,975,58,1.17,3.73,240.7,152.11,388.65,20.8,16.4,2017,,,,
28.05.17,0,19.1,26.2,13.5,974,74.88,1.6,2.53,174,128.54,334.22,21.7,16.5,2017,,,,
27.05.17,0,18.8,24.4,13,979,77.32,1.59,1.47,92.6,110.38,284.93,21.2,15.9,2017,,,,
26.05.17,0,15.1,21.3,10.4,977,84.2,1.39,1.9,286.5,98.02,271.67,19.3,15.1,2017,,,,
25.05.17,0,14.7,18.5,12.7,968,90.82,1.49,3.51,350.9,39.68,111.3,16.5,14.9,2017,,,,
24.05.17,8,15.2,20.4,12.5,969,86.76,1.47,3.37,51.2,185.91,258.71,18.4,15.1,2017,,,,
23.05.17,1,15.7,19.2,13.4,977,77.99,1.36,2.72,200.4,123.87,174.7,17.5,14.8,2017,,,,
22.05.17,0,14.2,21.4,9.8,981,61.34,0.95,4.54,242.2,304.42,426.65,18.7,14.6,2017,,,,
21.05.17,12,15.8,21.4,10,980,83.91,1.47,3.83,196.4,163.21,228.19,18.1,14.3,2017,,,,
20.05.17,11,11.5,15.7,7.3,986,72.19,1,4.71,86.4,139.61,200.04,14.3,13.3,2017,,,,
19.05.17,2,8.9,11,5.4,985,79.76,0.9,4.13,36.8,116.69,166.73,14.8,14.4,2017,,,,
18.05.17,3,22.8,27.4,11,975,59.14,1.59,6.4,236.1,301.8,423.01,25.2,17.1,2017,,,,
17.05.17,0,24.2,28.8,19.1,974,54.58,1.58,5.9,192.8,248.92,341.52,25.7,16.4,2017,,,,
16.05.17,0,22.6,29.8,15.8,977,51.7,1.4,4.31,181.1,292.08,399.88,25.5,15.2,2017,,,,
15.05.17,0,16.6,24.4,7.9,982,49.64,0.89,2.96,124.5,306.44,414.74,21.3,13.3,2017,,,,
14.05.17,0,17.2,23.5,11,978,53.82,0.98,2.31,325,304.78,410.53,21.5,13.3,2017,,,,
13.05.17,0,15.6,23.2,6.4,977,59.39,0.96,2.38,256.8,248.62,330.7,18.4,12.1,2017,,,,
12.05.17,0,14.4,21.4,5.4,980,56.34,0.86,2.14,39.1,305.53,401.35,18.2,11.7,2017,,,,
11.05.17,3,12.5,19.5,7.3,980,67.77,0.92,3.31,54.4,262.88,343.58,17.4,11.1,2017,,,,
10.05.17,4,14.7,22.2,8,981,52.31,0.84,2.07,125.8,225.72,308.61,17.9,10.4,2017,,,,
09.05.17,0,9.3,18.3,-0.4,981,45.8,0.47,1.23,293.3,262.15,352.9,13.8,8.5,2017,,,,
08.05.17,0,6.3,13.6,-1.2,984,42.66,0.38,2.74,305,327.34,426.97,11.4,8.4,2017,,,,
07.05.17,0,6.4,10.4,1.7,979,48.53,0.45,4.43,302.9,322.27,422.42,10.3,9.2,2017,,,,
06.05.17,0,9.2,15.5,3.5,972,62.55,0.69,4.08,321.5,295.86,390.85,12,9.2,2017,,,,
05.05.17,0,9.2,15.8,4.6,974,70.2,0.77,5.3,23.1,217.77,289.95,11.4,8.6,2017,,,,
04.05.17,7,7,9,5.6,982,81.57,0.8,3.9,68.3,48.65,73.89,8.9,8.5,2017,,,,
03.05.17,0,8.8,16.3,1.4,986,62.11,0.64,2.1,329.4,272.4,357.27,12.7,8.9,2017,,,,
02.05.17,3,6,8.4,4.1,971,85.22,0.79,5.44,253.6,76.86,107.92,8.5,8.9,2017,,,,
01.05.17,17,11.8,16.4,7.9,967,83.81,1.15,5.17,190.7,98.71,137.19,12.5,10.1,2017,,,,
30.04.17,20,7.1,12.2,4.5,979,93.86,0.94,4.59,67.3,36.14,56.87,9.1,9.2,2017,,,,
29.04.17,3,9.7,12.6,5.7,986,77.23,0.92,3.73,46.9,94.99,132.96,12.4,11,2017,,,,
28.04.17,0,10.9,16.3,4.3,979,67.94,0.87,3.54,199.9,153.04,206.44,14.5,11.3,2017,,,,
27.04.17,0,14.3,19.5,7.5,967,73.43,1.22,5.34,208.7,92.5,128.77,16.1,13,2017,,,,
26.04.17,0,19.9,27.3,14.6,968,66.5,1.5,4.7,158.7,203.82,275.33,20.9,13.4,2017,,,,
25.04.17,0,16.6,23.3,10.3,974,63.94,1.2,3.87,133.1,245.2,323.66,18.9,11.8,2017,,,,
24.04.17,0,14,22.5,4.3,981,50.38,0.67,3.08,85.9,294,368.26,16.1,10.5,2017,,,,
23.04.17,0,11.9,22,0.6,985,50.46,0.59,1.56,307.1,301.01,381.07,14.6,10,2017,,,,
22.04.17,0,8.9,16.5,2.3,987,56.97,0.59,2.82,32.1,264.11,337.43,11.8,9.4,2017,,,,
21.04.17,0,7.8,10.6,3.7,982,72.01,0.75,4.55,300.1,129.58,173.02,10.9,10.7,2017,,,,
20.04.17,11,15.1,21.4,10.5,979,87.06,1.48,4.01,119.3,105.74,148.64,16.2,12,2017,,,,
19.04.17,6,16.6,21,12.3,983,74.45,1.4,3.05,243.6,108.09,156.89,17.6,11.7,2017,,,,
18.04.17,0,14,22.2,5.8,988,56.6,0.83,4.42,128.1,252.79,324.2,16.8,10.6,2017,,,,
17.04.17,0,13.5,20.1,4.6,987,45.47,0.66,2.67,303,267.53,349.63,16,10.3,2017,,,,
16.04.17,1,17.4,20.3,11,979,67.41,1.31,4.82,249.4,130.4,175.67,16.3,11.2,2017,,,,
15.04.17,0,19.2,26.9,11.1,982,57.01,1.21,5.94,193,237.49,310.41,18.6,10.2,2017,,,,
14.04.17,0,11.6,19.1,5.1,991,55.38,0.73,4.2,97.6,201.47,261.83,11.5,7.7,2017,,,,
13.04.17,0,9.1,12.4,6,994,67.24,0.77,3.08,77.2,69.54,96.24,9.2,7.3,2017,,,,
12.04.17,0,8.3,14.7,3.4,993,65.86,0.67,2.71,292.6,260.82,336.07,12.1,7.8,2017,,,,
11.04.17,0,8.6,14.7,6,986,89.29,1.01,3.01,262,69.75,94.47,10.6,8.3,2017,,,,
10.04.17,5,18.1,22.6,13.6,977,67,1.38,4.91,196.5,133.34,180.25,16,9.2,2017,,,,
09.04.17,0,16.2,23,9.4,977,47.76,0.91,5.62,186,194.63,254.29,13.3,6.7,2017,,,,
08.04.17,0,7.5,16.6,-3.2,982,53.96,0.49,2.9,218.4,269.14,333.84,9.1,4,2017,,,,
07.04.17,1,4.4,10.5,0.3,980,60.78,0.47,4.52,305.1,271.77,340.55,6.7,3.3,2017,,,,
06.04.17,34,2,4.4,0.2,970,92.23,0.64,5.59,347.2,90.82,136.88,1.7,2.8,2017,,,,
05.04.17,5,4.3,7.1,-0.4,977,90.24,0.74,3.56,43.4,29.16,44.65,4.5,4.1,2017,,,,
04.04.17,6,7.7,12.9,1.6,968,92.77,0.97,4.06,256.2,57.61,79.34,8.3,5.6,2017,,,,
03.04.17,9,9.1,10.8,7.4,971,80.6,0.92,3.29,92.4,26.23,40.59,8,5.1,2017,,,,
02.04.17,0,7,13.9,-1.5,987,63.33,0.61,1.93,209.4,125.37,163.33,7.9,4.3,2017,,,,
01.04.17,0,6.5,14.3,-0.2,987,65.21,0.57,2.44,323.1,249.73,315.27,9.1,4.4,2017,,,,
31.03.17,0,2.8,3.9,2,974,95.48,0.7,4.36,29.8,42.39,60.63,4.3,3.5,2017,,,,
30.03.17,30,4.3,5.2,3.2,979,91.56,0.75,5.57,81.6,30.23,45.57,4.8,4,2017,,,,
29.03.17,2,6.1,12.8,-0.1,990,71.56,0.63,3.18,66.7,168.2,212.92,6.7,4.2,2017,,,,
28.03.17,0,6.4,9.1,0,984,87.7,0.83,2.4,23.2,68.33,89.42,7.6,5.2,2017,,,,
27.03.17,1,9.7,11.5,6.6,980,93.07,1.1,2.51,266.6,70.75,94.26,10.9,5.8,2017,,,,
26.03.17,8,8.1,12.9,4.7,981,95.87,1.03,3.42,119.4,53.04,73.77,8.5,4.5,2017,,,,
25.03.17,12,5.7,7.2,3.6,986,94.94,0.86,4.85,69.7,38.61,57.27,6.8,4.4,2017,,,,
24.03.17,17,14.3,25.4,4.1,981,61.42,0.95,4.84,207.9,172.25,228.07,11.9,3.9,2017,,,,
23.03.17,3,1.3,9.1,-5.1,994,47.79,0.29,4.09,136.4,191.76,246.6,3,0.4,2017,,,,
22.03.17,0,-2.5,5,-8.4,998,50.42,0.24,2.94,33.3,235.99,291.95,2.5,0.6,2017,,,,
21.03.17,0,4.3,11,-3.7,986,69.44,0.54,3.37,299.1,204.68,257.41,5.6,1.8,2017,,,,
20.03.17,2,5.4,9.7,1.6,984,86.12,0.77,2.77,189.2,80.67,109.2,6,1.2,2017,,,,
19.03.17,0,3.4,8.8,0.8,992,79.97,0.6,2.38,342.2,158.71,201.91,5,-0.3,2017,,,,
18.03.17,2,2.1,3.6,1.1,984,95.5,0.67,3.42,282,33.59,47.65,0.6,-1.2,2017,,,,
17.03.17,4,-1.4,1.3,-5.2,985,85.9,0.48,2.84,146.5,24.89,40.59,-0.7,-1.2,2017,,,,
16.03.17,0,-1.7,4.5,-8.6,990,61.93,0.31,2.63,271,212.62,276.09,0.1,-1.2,2017,,,,
15.03.17,0,-6.4,-1.1,-10.9,989,67.2,0.25,4.3,305.9,166.94,226.42,-0.9,-1.1,2017,,,,
14.03.17,0,-7.6,-3.5,-11.1,989,68.68,0.22,3.67,8,176.52,230.34,-0.8,-0.9,2017,,,,
13.03.17,6,-4.7,-2.5,-8.5,990,84.89,0.35,3.42,88.1,84.85,121.54,-0.9,-0.9,2017,,,,
12.03.17,0,-6,1,-13.1,995,61.71,0.22,1.37,356.4,166.72,218.49,-0.7,-0.6,2017,,,,
11.03.17,0,-7.1,-3,-9.5,995,58.51,0.2,4.15,302.7,178.69,231.9,-1.4,NaN,2017,,,,
10.03.17,0,-4.7,-1.1,-8.9,990,51.79,0.22,5.17,318,172.92,223.19,-0.3,NaN,2017,,,,
09.03.17,0,1.9,4.7,-1.2,986,50.13,0.34,3.63,293.5,102.38,139.41,2.7,2.5,2017,,,,
08.03.17,0,6.2,8.9,3.7,979,39,0.36,8.24,245.1,202.13,255.67,5.2,3.2,2017,,,,
07.03.17,2,10.4,15.4,4.8,976,65.23,0.88,6.67,223.6,110.84,142.75,9.4,5.2,2017,,,,
06.03.17,0,11.3,13.8,9,982,81.15,1.08,6.09,187.1,38.98,57.09,8.9,3.2,2017,,,,
05.03.17,0,2.4,11.7,-4.6,992,57.57,0.42,5.22,135.3,127.68,165.87,1.6,-0.3,2017,,,,
04.03.17,0,-4.3,1.2,-8.6,1001,62.96,0.27,3.18,106.4,135.6,173.02,-0.9,-0.5,2017,,,,
03.03.17,1,-5.7,-3.1,-8.4,997,67.23,0.26,3.88,295.3,168.13,210.37,-0.1,0.3,2017,,,,
02.03.17,0,-3.1,-0.4,-5,987,72.17,0.34,4.63,303.2,106.08,139.76,1.3,1.8,2017,,,,
01.03.17,14,6,12.6,-3.2,967,93.18,0.91,5.53,242.4,34.02,49.36,6.7,5.2,2017,,,,
28.02.17,19,8.3,13.8,4,978,93.84,1.04,4.75,167.1,20.85,32.61,7.2,3.5,2017,,,,
27.02.17,0,5,11.2,-1.1,987,61.27,0.52,3.47,204.3,169.69,212.24,5,2.1,2017,,,,
26.02.17,0,-0.6,6.6,-7.7,982,65.02,0.36,4.65,213.3,133.83,170.26,1.8,1.1,2017,,,,
25.02.17,2,-2.4,3.4,-6.4,973,86.58,0.45,4.78,266.2,54.11,73.45,1.6,2.8,2017,,,,
24.02.17,8,7.3,14.8,3.4,968,95.37,0.98,4.34,88.3,20.21,31.2,7.5,4.9,2017,,,,
23.02.17,1,10.5,14.3,5.3,974,82.46,1.05,3.54,290.9,100.77,135.06,10,5.7,2017,,,,
22.02.17,0,11.3,16.9,4.3,975,91.27,1.21,3.25,186.1,74.54,97.83,9.5,4.2,2017,,,,
21.02.17,3,10.8,16.2,6.6,980,81.14,1.05,3.09,208.4,67.44,93.86,8.9,3.5,2017,,,,
20.02.17,0,8,17.1,0.1,987,60.3,0.62,3.13,106.2,123.74,161.79,6.1,1.9,2017,,,,
19.02.17,0,7.7,18,-0.2,982,63.88,0.59,1.53,271.9,154.94,204.99,6,1.4,2017,,,,
18.02.17,0,11.1,19.1,2.3,972,56.86,0.72,3.45,237.7,154.08,203.35,6.8,1.1,2017,,,,
17.02.17,0,4.6,13.9,-2.1,973,63.96,0.54,2.88,149.7,133.07,174.87,2.1,-1,2017,,,,
16.02.17,0,-3,1.4,-8.5,979,62.85,0.3,1.98,306.8,116.17,148.47,-0.8,-1.2,2017,,,,
15.02.17,0,-2.2,0.1,-4.4,975,72.62,0.37,5.08,313.5,38.96,52.23,-0.7,-1.1,2017,,,,
14.02.17,1,3.2,7.8,-0.4,974,67.24,0.5,4.46,248.4,140.25,177.44,1.8,-1.1,2017,,,,
13.02.17,0,1.6,6.9,-2,988,55.61,0.36,3.61,262.6,149.9,186.88,0.9,-1.3,2017,,,,
12.02.17,1,2.3,5.9,0.2,981,81.05,0.57,4.77,308.7,56.48,73.35,1,-1.3,2017,,,,
11.02.17,0,4,7.6,0.6,978,82.19,0.66,1.67,254,45.18,62.33,0.4,-1.3,2017,,,,
10.02.17,0,-1,2.2,-273.2,977,62.82,0.37,5.7,193.9,155.89,208.03,-0.1,-1.4,2017,,,,
09.02.17,1,-8.6,,,987,74.47,0.23,4.65,289.8,70.21,92.91,-1.3,-1.2,2017,,,,
08.02.17,0,-1.9,1.4,-6.4,977,76.38,0.4,4.2,325.3,44.41,63.15,-0.1,-0.7,2017,,,,
07.02.17,16,4.8,11.1,1.4,965,98.64,0.85,3.37,136.5,14.47,24.16,0.1,-0.6,2017,,,,
06.02.17,0,-0.6,7.3,-8.6,980,81.78,0.47,1.51,183.9,113.48,152.84,-0.2,-1,2017,,,,
05.02.17,0,-0.9,1.8,-6.9,980,66.31,0.37,3.85,258.2,53.42,77.97,-0.2,-1,2017,,,,
04.02.17,0,-6.2,-1.6,-12.1,990,61.62,0.23,3.65,207.2,89.32,120.87,-0.2,-1,2017,,,,
03.02.17,0,-7.7,-5.6,-10.3,993,65.96,0.22,4.64,278.7,132.87,166.35,-0.3,-0.9,2017,,,,
02.02.17,0,-7.6,-4.4,-11,990,69.83,0.24,4.53,275.3,71.11,98.83,-0.2,-1,2017,,,,
01.02.17,1,-0.2,2.9,-4.5,981,80.36,0.47,3.25,270.5,79.88,108.26,0,-1,2017,,,,
31.01.17,6,-1.6,0.9,-4.4,970,91.25,0.48,3.55,225.2,19.96,35.56,0,-1,2017,,,,
30.01.17,2,-6.3,-3,-9.4,978,86,0.32,2.39,252.2,60.25,85.69,-0.2,-1,2017,,,,
29.01.17,2,-3.7,-1.8,-8.4,974,86.3,0.39,2.66,282.6,37.75,53.81,-0.2,-0.9,2017,,,,
28.01.17,0,-2.6,-2,-3.4,972,86.97,0.43,4.28,254.1,8.87,12.86,-0.2,-0.7,2017,,,,
27.01.17,0,-1.9,-0.1,-3.8,976,80.65,0.42,4.53,260.2,16.89,23.65,0,0,2017,,,,
26.01.17,4,0.8,2.3,-0.2,971,94.03,0.59,4.41,273,22.22,31.62,1.4,1,2017,,,,
25.01.17,1,3,5.4,0.5,969,93.53,0.69,3.36,180.1,14.71,22.01,3,1.5,2017,,,,
24.01.17,0,3.3,4.1,2.2,976,94.02,0.71,2.99,297.6,21.27,30.92,3.9,1.7,2017,,,,
23.01.17,4,4.5,4.9,4,972,99.41,0.82,2.46,357.4,13.43,21.91,4.8,1.7,2017,,,,
22.01.17,0,4.2,8.2,0.9,970,99.61,0.81,1.47,71,28,41.26,4.5,1,2017,,,,
21.01.17,0,9.8,16,5.1,970,92.07,1.09,2.98,150.8,91.31,117.29,6.4,0.5,2017,,,,
20.01.17,9,2.5,5.3,1.5,972,98.03,0.7,2.44,101.7,20.13,29.33,1.8,-1.2,2017,,,,
19.01.17,0,2,6.1,0.3,982,90.85,0.63,2.74,181.4,50.23,67.54,1.3,-1.3,2017,,,,
18.01.17,0,1.7,3.1,0.2,984,98.22,0.66,3.57,244.5,23.32,33.16,0.9,-1.2,2017,,,,
17.01.17,13,3.2,6.2,1.3,978,99.28,0.75,3.68,199.1,12.74,19.84,0.6,-1.3,2017,,,,
16.01.17,14,-2,1.4,-19.5,990,94.5,0.5,1.76,155.1,17.87,27.79,-1.5,-1.4,2017,,,,
15.01.17,0,-4.5,2.9,-24.1,995,84.26,0.36,0.91,265.8,74.06,94.5,-2.4,-1.4,2017,,,,
14.01.17,0,-4.5,-0.8,-7.8,998,82.63,0.35,1.43,357.8,45.69,60.09,-2.1,-1.3,2017,,,,
13.01.17,0,-6.2,-4.2,-8.7,1004,74.57,0.28,2.09,23.9,56.89,71.53,-1.9,-1.2,2017,,,,
12.01.17,5,-0.6,3.3,-4.3,982,93.7,0.55,2.64,18.1,18.13,25.01,-0.1,-1.3,2017,,,,
11.01.17,16,2.1,8.9,-2.8,977,86.47,0.64,4.91,196.3,24.42,32.1,-0.2,-1.2,2017,,,,
10.01.17,13,1.9,9.2,-3.2,972,93.07,0.66,7.84,186,7.25,14.05,-0.1,-1.2,2017,,,,
09.01.17,1,-6.3,-3,-10.7,992,71.54,0.27,4.65,242.6,46.1,63.22,-0.4,-1.3,2017,,,,
08.01.17,0,-10.7,-7.5,-13.3,1001,79.5,0.21,2.71,309.9,49.85,67.26,-0.4,-1.3,2017,,,,
07.01.17,1,-12.5,-9.5,-16.6,994,86.92,0.2,3.46,310.2,53.5,68.64,-0.6,-1.3,2017,,,,
06.01.17,1,-13.6,-9.5,-16.7,987,84.97,0.18,2.44,310.4,53.2,66.13,-0.6,-1.2,2017,,,,
05.01.17,1,-10.8,-8.7,-12.4,980,84.65,0.22,3.67,295.4,55.5,70.78,-0.4,-1.1,2017,,,,
04.01.17,1,-6.5,0.7,-8.9,977,82.25,0.31,6.51,278,23.91,31.3,-0.3,-0.5,2017,,,,
03.01.17,1,2.1,3.3,0.7,975,99.23,0.69,2.93,347.2,14.34,21.06,-0.1,0.4,2017,,,,
02.01.17,14,0.8,4.8,-2.8,986,80.9,0.52,3.15,81,37.27,49.71,-0.1,-0.7,2017,,,,
01.01.17,0,-0.6,4.7,-5.4,985,72.34,0.41,2.3,205.4,92.99,109.95,0,-0.7,2017,,,,
31.12.16,0,1.3,5.5,-3.2,971,64.91,0.43,5.62,235.5,50.58,64.44,0,-0.4,2016,,,,
30.12.16,0,-2.6,-0.6,-4.2,979,76.35,0.38,4.23,264.2,53.94,66.86,0,-0.3,2016,,,,
29.12.16,2,0.7,3.3,-2.4,973,82.82,0.52,4.7,265.2,41.17,51.81,0.2,0,2016,,,,
28.12.16,0,0,4.5,-4.8,982,74.2,0.44,4,195.6,64.16,79.2,0,-0.6,2016,,,,
27.12.16,0,-2,0.7,-2.9,983,80.18,0.42,5.35,269.7,10.33,13.5,0,-0.2,2016,,,,
26.12.16,3,6.7,11.3,0.6,982,88.55,0.87,5.96,190.2,22.65,31.61,0.1,0.8,2016,,,,
25.12.16,2,0.6,1.3,-0.2,995,91.24,0.57,4.54,103.3,15.8,25.24,-0.1,0.6,2016,,,,
24.12.16,1,1.6,2.6,0.5,987,92.43,0.62,2.14,270.5,20.63,34.64,-0.1,0.7,2016,,,,
23.12.16,3,-1,1.7,-4.3,989,86.89,0.49,3.26,186,28.83,41.08,-0.1,0.7,2016,,,,
22.12.16,0,1.3,4.2,-2.8,987,77.64,0.51,3.91,267.8,48.11,62.16,-0.1,0.7,2016,,,,
21.12.16,0,-3,1.4,-7.1,984,81.81,0.39,3.58,199.2,27.85,41.04,0,0.6,2016,,,,
20.12.16,0,-7.3,-1.3,-14.9,989,60.29,0.22,5.76,209,73.25,94.49,0.1,0.8,2016,,,,
19.12.16,0,-12.8,-11.1,-15.3,1002,67.24,0.15,3.99,205.4,95.18,111.61,0,1,2016,,,,
18.12.16,1,-8.7,-6.3,-11.4,989,89.06,0.28,2.73,309.4,59.95,78.9,0,1,2016,,,,
17.12.16,1,-6,-2.6,-9.2,972,95.35,0.36,1.18,83.9,23.78,37.8,0,1,2016,,,,
16.12.16,5,-11.3,-8.7,-14.6,987,75.02,0.19,3.51,162.7,32.56,46.32,0,1.1,2016,,,,
15.12.16,2,-11.6,-8.6,-14.5,990,87.64,0.21,4.1,270.6,79.52,97.4,0.1,1,2016,,,,
14.12.16,4,-9.3,-7,-11.8,984,86.42,0.26,5.13,242,42.93,57.59,0,1.2,2016,,,,
13.12.16,0,-7.1,-3.6,-11.1,985,83.88,0.3,3.93,249.9,37.88,52.19,0.1,1.3,2016,,,,
12.12.16,1,-1.9,0.8,-9.4,979,86.48,0.46,4.62,252,17.96,27.08,0,1.4,2016,,,,
11.12.16,14,-4,-0.5,-6.1,984,96.91,0.43,3.49,156.3,18.63,30.38,0.1,1.1,2016,,,,
10.12.16,4,-5.5,-4.3,-6.2,996,92.96,0.37,3.18,227.3,41.51,58.63,-0.1,1.1,2016,,,,
09.12.16,8,-3.6,-2.6,-5.2,994,94.92,0.43,2.74,275.4,31.29,45.54,-0.2,0.8,2016,,,,
08.12.16,1,-3.6,-2,-4.7,986,84.35,0.39,4.91,259.6,13.02,17.27,-0.4,0.7,2016,,,,
07.12.16,0,-0.1,2.9,-2.1,982,73.46,0.43,5.28,246.5,73.77,88.71,0.7,1.8,2016,,,,
06.12.16,0,1.1,7.6,-3,977,88.79,0.57,2.98,116.9,43.52,53.83,0.4,2.2,2016,,,,
05.12.16,2,0.8,2.9,-2.2,982,92.53,0.59,2.87,211.7,40.75,54.08,1,2.8,2016,,,,
04.12.16,7,0.3,1.9,-1.1,985,88.85,0.54,1.51,138.9,14.1,19.55,0.8,2.9,2016,,,,
03.12.16,0,1.5,2.1,0.6,992,80.02,0.54,1.65,267.5,9.34,12.17,2,3.5,2016,,,,
02.12.16,5,2.2,3.9,1,985,86.76,0.61,2.93,280.1,22.46,29.2,2.9,4,2016,,,,
01.12.16,6,2.3,4.4,0.9,974,93.27,0.67,4.48,233.4,19.84,27.27,3.5,4.4,2016,,,,
30.11.16,0,6.8,10.8,1.7,969,82.15,0.8,3.54,221.2,59.34,68.96,5.9,5.5,2016,,,,
29.11.16,4,10.4,14.2,7.5,967,79.03,0.97,5.55,187.6,71.04,82.32,7.8,5.7,2016,,,,
28.11.16,11,6.3,10.3,3.2,970,85.11,0.82,5.83,155.7,9.27,13.07,4.5,3.9,2016,,,,
27.11.16,0,1.9,4.3,-1,985,93.4,0.64,2.69,166.9,29.94,37.42,2.2,3.3,2016,,,,
26.11.16,0,3.2,5.5,-0.2,991,84.19,0.63,2.3,253.7,28.82,35.85,3.3,4,2016,,,,
25.11.16,3,2.8,3.3,2.3,990,95.8,0.7,2.98,238.3,9.63,15.59,3.4,4,2016,,,,
24.11.16,1,4.4,5.9,2.7,985,95.49,0.78,2.52,228.4,9.17,13.08,4,3.9,2016,,,,
23.11.16,15,1.5,3.3,-0.4,986,86.52,0.58,3.31,121.5,12.08,17.91,1.2,2.7,2016,,,,
22.11.16,0,-1.3,5.6,-6.9,992,77.06,0.41,1.14,107.5,80.36,96.28,-0.1,2.2,2016,,,,
21.11.16,0,-0.4,3.5,-4.1,990,69.18,0.4,3.41,319.1,101.01,99.42,0.7,3.6,2016,,,,
20.11.16,0,-1.2,-0.4,-1.9,989,72.35,0.4,5.62,318.7,28.66,25.51,0.5,4.4,2016,,,,
19.11.16,6,1.7,6.8,-0.8,980,88.67,0.6,5.96,271.6,33.22,41.78,3.9,7.1,2016,,,,
18.11.16,9,15.9,21.1,6.8,977,69.4,1.24,5.02,189.6,81.59,104.25,11.6,9.1,2016,,,,
17.11.16,0,11.3,20.2,1.4,979,76.7,0.99,3.63,152.3,91.87,115.45,8.2,6.9,2016,,,,
16.11.16,0,7.2,13.6,1.4,980,93.1,0.92,0.91,226.7,59.88,73.51,7.3,6.8,2016,,,,
15.11.16,0,8,15,1.5,978,84.36,0.89,1.59,224.4,100.97,125.09,6.9,6.6,2016,,,,
14.11.16,0,8.3,16,3,980,64.02,0.69,3.41,202.1,117.31,140.21,5.7,6.3,2016,,,,
13.11.16,0,6.7,13.8,1.6,986,61.55,0.57,4.39,218.3,122.95,144.3,4,6,2016,,,,
12.11.16,0,2.9,10.8,-4.8,994,72.29,0.52,2.05,247.9,121.28,146.87,3.3,5.6,2016,,,,
11.11.16,0,8.1,12.3,-0.3,988,59.89,0.64,3.82,350.6,121.2,149.17,6,7.9,2016,,,,
10.11.16,0,10.5,17.6,4.6,983,63.05,0.74,4.63,233.5,123.1,154.3,7.4,8.2,2016,,,,
09.11.16,0,8.4,13,4.3,990,69.18,0.74,3.36,318.9,122.73,154.71,7.7,8.6,2016,,,,
08.11.16,1,9.9,15.1,4.8,987,81.95,0.99,2.9,251.3,38.32,51.56,9,8.7,2016,,,,
07.11.16,0,10.7,19.8,2.6,993,79.08,0.96,1.47,152,126.25,155.66,9.4,8.6,2016,,,,
06.11.16,0,10.1,21.3,1.8,994,85.43,1.02,0.82,154.9,120.24,149.1,9.6,8.9,2016,,,,
05.11.16,0,10.8,20,4.5,993,76.76,0.96,2.02,233.1,124.44,157.83,9.6,9.1,2016,,,,
04.11.16,0,8.3,14.7,2.3,995,81.71,0.86,1.87,326.7,135.85,169.65,9,9.8,2016,,,,
03.11.16,3,11.8,14.3,7.8,988,91.75,1.25,2.07,340.6,58.57,78.54,12.9,11.8,2016,,,,
02.11.16,5,15.2,17.6,13,986,93.74,1.61,0.84,68.7,37.21,52.48,14.6,11.7,2016,,,,
01.11.16,0,16.5,24.9,9.3,981,76.13,1.4,3.51,201.2,117.83,154.51,13.7,10.6,2016,,,,
31.10.16,0,6.7,12.6,0.8,987,84,0.8,2.75,120.8,93.96,120.97,7.9,8.8,2016,,,,
30.10.16,11,10.1,13.3,4.1,986,86.26,1.06,2.8,21.5,56.21,75.82,11.2,10.8,2016,,,,
29.10.16,0,16.8,19.5,13.2,980,83.06,1.58,3.53,238.1,33.97,46.89,13.9,10.9,2016,,,,
28.10.16,0,9.7,14.6,5.9,988,82.1,0.96,3.18,178.3,108.06,145.5,9.8,8.9,2016,,,,
27.10.16,2,5.4,7,3.5,986,93.86,0.83,2.79,315.6,32.9,42.63,7.1,8.2,2016,,,,
26.10.16,19,4.4,5.6,3.2,992,91.46,0.76,3.98,98.6,10.01,16.7,5.9,8.1,2016,,,,
25.10.16,0,5.6,14.3,-1.2,996,78.53,0.67,0.9,19.6,124.28,162.65,7.9,8.9,2016,,,,
24.10.16,0,9.6,13.2,3,990,69.38,0.81,2.95,319,129.62,163.51,10.3,11,2016,,,,
23.10.16,0,12.1,20.7,3.3,980,77.24,1.05,2.78,223.1,145.82,186.45,11.7,10.9,2016,,,,
22.10.16,0,7.5,13.2,2.9,984,74.08,0.75,2.18,303.1,130.69,166.06,10,10.9,2016,,,,
21.10.16,0,8.3,12.4,4.4,985,69.63,0.75,3.34,352.1,88.28,112.51,10.4,12.1,2016,,,,
20.10.16,1,12.3,12.9,9,985,88.46,1.26,2.3,17.5,21.44,31.15,13.7,13.6,2016,,,,
19.10.16,0,14.1,24.5,6.8,984,79.46,1.21,1.17,254.1,144.35,189.66,15.6,13.8,2016,,,,
18.10.16,0,20.5,24.8,9.7,972,73.77,1.78,5.26,240.3,98.79,131.99,18.8,15.9,2016,,,,
17.10.16,0,20.8,25.8,17,974,83.96,2.01,4.45,180,97.68,131.33,19.4,15.2,2016,,,,
16.10.16,13,17.7,19.3,16.5,981,92.87,1.86,3.31,198.5,20.81,30.58,16.8,13.9,2016,,,,
15.10.16,0,14,22,6.9,985,82.72,1.34,3.64,178.2,88.76,118.66,13.2,11.6,2016,,,,
14.10.16,0,8.4,17.4,1.4,992,78.54,0.82,2.14,119.8,175.16,218.22,10.9,10.7,2016,,,,
13.10.16,0,9.4,15.2,2.1,990,77.59,0.88,2.17,309.2,161.34,200.49,12.9,12.7,2016,,,,
12.10.16,18,15.5,22.5,9.6,982,78.94,1.4,3.61,191.8,82.83,110.66,15,13.3,2016,,,,
11.10.16,0,14.8,21.5,10.5,990,73.09,1.21,2.67,160.8,148.67,190.78,15.3,12.8,2016,,,,
10.10.16,0,10.4,19.1,3.1,994,78.9,0.96,2.36,122.8,177.01,223.56,12.6,11.5,2016,,,,
09.10.16,0,9.3,18.2,3.2,994,78.14,0.86,1.1,100.1,168.87,214.79,13,12.3,2016,,,,
08.10.16,0,10,14.1,3.5,989,71.85,0.86,3.09,299.1,187.71,240.95,13,14.1,2016,,,,
07.10.16,0,18.3,26.3,10.4,985,81.72,1.7,3.6,208.5,123.91,165.2,18.7,16.7,2016,,,,
06.10.16,3,18.7,24,13.2,987,94.58,2.03,1.15,155.3,76.12,104.81,18.9,16.4,2016,,,,
05.10.16,9,19.1,26.3,15.3,984,82.44,1.8,3.45,151.9,146.89,192.21,19,16.3,2016,,,,
04.10.16,0,16.5,23.7,11.4,987,80.67,1.45,2.91,111.9,168,217.12,17.6,15.6,2016,,,,
03.10.16,0,15,20.4,11.8,986,91.62,1.53,1.14,117.6,109.48,140.76,17.6,15.9,2016,,,,
02.10.16,4,14.7,20.8,11.1,984,89.96,1.46,1.11,234,136.65,177.52,18,16,2016,,,,
01.10.16,5,15.5,20.7,11.3,984,88.89,1.52,2.74,90.9,112.01,140.69,17.5,16.4,2016,,,,
30.09.16,3,14.9,16.4,14.3,988,95.27,1.59,3.92,47.4,32.06,43.49,16,16.2,2016,,,,
29.09.16,27,14.5,16.9,12.9,987,94.1,1.54,4.29,34.8,38.06,51.1,15.5,15.9,2016,,,,
28.09.16,2,12.6,17.6,9.7,978,82.32,1.18,3.02,60.6,65.73,87.24,15,15.8,2016,,,,
27.09.16,0,14.4,19.1,10.2,975,59.54,0.95,4.02,242.7,184.01,240.68,16.5,16.6,2016,,,,
26.09.16,4,16.9,19.7,12.9,979,67.62,1.29,4,241.9,149.29,192.4,18.6,18.3,2016,,,,
25.09.16,0,17.2,24.6,10.3,986,72.96,1.38,2.86,118.5,185.28,243.69,20,18.3,2016,,,,
24.09.16,0,16.4,23,11.7,989,78.24,1.42,2.77,67.4,179.67,241.3,19.6,18.9,2016,,,,
23.09.16,0,19,21.8,14.1,985,91.05,1.98,2.12,46.1,53.19,72.91,20.5,20,2016,,,,
22.09.16,0,20.9,28.4,15.3,985,82.25,1.96,1.27,141.5,148.14,198.88,22.5,19.7,2016,,,,
21.09.16,0,19.4,28.1,12.8,988,82.91,1.85,1.6,138.8,117.13,158.29,20.9,19.2,2016,,,,
20.09.16,0,21.4,28.4,13.2,987,62.98,1.5,1.63,100.1,223.83,295.68,22.7,19.7,2016,,,,
19.09.16,0,19.1,28.6,10.9,984,74.64,1.53,1.72,184,223.25,293.17,20.8,18.9,2016,,,,
18.09.16,0,19.5,25.4,12.7,982,80.32,1.76,1.29,246.5,212.06,278.94,21.4,19.9,2016,,,,
17.09.16,12,21.2,25.2,17.4,980,86.85,2.15,2.65,216.8,137.66,183.58,22.8,20.5,2016,,,,
16.09.16,0,18.5,26.6,11.2,985,79.14,1.66,2.52,131.9,192.98,257.71,21.1,18.9,2016,,,,
15.09.16,0,16.7,23.1,11.3,991,73.86,1.32,1.7,83.9,216.69,278.31,20,19,2016,,,,
14.09.16,0,18.7,23.6,13.5,989,75.91,1.58,1.97,33.3,195.13,257.89,21.9,20.4,2016,,,,
13.09.16,0,19.7,27.9,11.9,985,78.66,1.77,1.94,212.6,215.82,289.34,21.8,19.7,2016,,,,
12.09.16,0,17,24.7,9.8,987,75.98,1.42,1.92,164.7,234.47,303.5,19.6,19.4,2016,,,,
11.09.16,0,16.8,25,10.9,988,75.14,1.36,1.03,282.7,241.01,307.12,20.1,20.5,2016,,,,
10.09.16,12,19.3,22.3,14.6,978,90.04,2,3.19,256.6,82.7,108.27,21.2,22.3,2016,,,,
09.09.16,4,21.7,27.5,17.4,982,91.09,2.33,1.11,191,122.72,157.45,24,22.8,2016,,,,
08.09.16,5,23.6,26.4,18.7,979,87.93,2.54,2.91,244.6,63.4,85.08,24.6,23.5,2016,,,,
07.09.16,1,26.9,31.5,23.1,983,80.58,2.81,2.06,219,170.35,226.28,28.3,23.6,2016,,,,
06.09.16,0,26.1,32.1,21.3,985,78.56,2.6,2.21,199.3,210.71,272.72,28.6,22.6,2016,,,,
05.09.16,0,21.8,30.2,13.2,987,74.78,1.92,2.15,159.3,249.67,319.69,25.6,20.9,2016,,,,
04.09.16,0,18.5,26.5,10.3,990,77.49,1.56,1.08,112.8,264.36,332.73,23.6,20.3,2016,,,,
03.09.16,0,17.7,26.3,10.3,990,76.8,1.46,1.27,76.4,275.94,344.98,22.8,20.6,2016,,,,
02.09.16,0,17.4,23.6,11.8,991,75,1.43,2.11,41.4,253.31,322.43,21.8,21,2016,,,,
01.09.16,0,18.1,22.9,13.6,987,73.27,1.47,2.95,19.4,247.01,316.32,22.1,22.2,2016,,,,
31.08.16,0,22.2,25.3,16.5,984,80.78,2.12,1.94,355.1,209.39,266,25.1,23.7,2016,,,,
30.08.16,1,22.9,29,20.9,987,85.8,2.35,0.9,207.9,165.17,218.23,25.6,23.7,2016,,,,
29.08.16,0,23.4,30.8,19.8,991,81.8,2.25,1.11,98.7,255.3,329.51,NaN,NaN,2016,,,,
28.08.16,0,24.5,30.1,19.3,989,83.96,2.5,1.4,274.4,240.71,318.18,26.5,23.6,2016,,,,
27.08.16,14,20.7,27.7,18,986,88.3,2.16,1.87,100.2,108.98,142.92,22.7,22.5,2016,,,,
26.08.16,0,21.4,29.3,15.2,987,78.19,1.91,1.02,267.1,264.65,344.95,25.1,22.7,2016,,,,
25.08.16,2,23.3,27.4,16.8,983,85.29,2.42,2.67,240.5,175.49,229.96,24.5,23.3,2016,,,,
24.08.16,0,21.6,26.9,16.5,984,84.34,2.2,2.49,182.9,117.49,155.97,22.5,22.2,2016,,,,
23.08.16,0,19.3,26.7,12.1,990,77.68,1.67,2.11,163.7,279.24,357.44,22.1,21.8,2016,,,,
22.08.16,0,18.1,24.9,10.9,988,76.39,1.51,1.16,208.6,254.79,331.37,21.5,21.9,2016,,,,
21.08.16,0,19,22.7,14.6,977,78.08,1.69,3.35,266.5,208.21,275.22,21.5,23,2016,,,,
20.08.16,21,21.9,25.8,18.6,974,91.19,2.38,2.7,185.6,109.87,149.27,23,23.7,2016,,,,
19.08.16,1,22.4,27.4,19.2,980,87.64,2.34,2.08,202.5,160.53,210.45,24.2,24.2,2016,,,,
18.08.16,0,21.8,28.2,15.1,985,83.54,2.14,1.5,176.3,234.61,302.74,24.2,24,2016,,,,
17.08.16,1,22.5,28.4,17.5,985,83.89,2.23,2.36,226.1,231.99,305.76,24.8,24.2,2016,,,,
16.08.16,33,23,28.4,18.3,983,85.5,2.35,3.25,279.8,189.3,248.23,25.4,24.2,2016,,,,
15.08.16,42,20.7,26.4,16.3,986,92,2.22,1.35,113.7,136.97,178.65,23.4,24.2,2016,,,,
14.08.16,0,23.2,27.8,17.9,983,80.24,2.21,1.19,264.4,220.62,287.89,25.8,25.2,2016,,,,
13.08.16,50,24,28.6,20.4,976,89.12,2.64,3.25,223.5,180.83,235.67,27,25.7,2016,,,,
12.08.16,8,26.6,32.6,22.7,978,81.29,2.79,2.66,213.2,202.47,258.5,30.8,26.8,2016,,,,
11.08.16,0,26.7,32.7,21.3,982,76.72,2.61,2.14,189.3,207.98,256.05,31.8,26,2016,,,,
10.08.16,0,24.6,33.3,16.4,985,71.47,2.05,1.1,173.6,304.4,375.76,31.1,24.8,2016,,,,
09.08.16,0,21.8,30.6,12.9,983,72.54,1.8,0.91,245,270.81,366.02,28.4,23.7,2016,,,,
08.08.16,0,21.1,29.7,12.9,985,66.91,1.53,1.48,75.7,321.31,425.39,28.3,23.7,2016,,,,
07.08.16,0,20.8,27.7,14.2,984,68.57,1.6,1.59,7.9,275.72,370.19,27.5,23.7,2016,,,,
06.08.16,0,21.9,28.2,15.3,981,71.69,1.79,1.82,292.9,291.8,391.43,28.3,24.1,2016,,,,
05.08.16,0,24.8,29.2,18.5,978,74.85,2.32,2.73,243.9,228.6,307.08,29.4,25,2016,,,,
04.08.16,0,24.7,32.2,16.8,982,71.1,2.08,1.3,129.5,315.66,426.55,29.9,24.8,2016,,,,
03.08.16,0,23.9,32,15.7,985,71.96,1.98,0.94,176.4,320.42,434.6,28.6,24.3,2016,,,,
02.08.16,0,22.8,30.8,14.8,826,72.53,1.87,0.89,335.3,329.04,446.1,27,23.8,2016,,,,
01.08.16,0,22,28.7,15.3,605,74.32,1.83,1.29,32.2,311.4,423.21,24.9,23.6,2016,,,,
31.07.16,0,21.1,26.8,18.2,600,85.02,2.06,1.37,30.3,192.88,253.46,23.9,23.3,2016,,,,
30.07.16,19,19.1,22.4,16.6,600,89.5,1.96,2.5,42.7,91.2,121.84,21.5,22.8,2016,,,,
29.07.16,3,21,25.8,18.3,600,84.13,2.06,2.07,56.6,142.31,188.37,23.9,24.2,2016,,,,
28.07.16,5,22.5,30.1,17.6,600,80.49,2.11,1.6,38.5,252.73,335.81,28.4,24.9,2016,,,,
27.07.16,0,23.4,30.9,16.4,600,74.68,2.04,1.42,210.4,321.64,429.8,29.4,24.9,2016,,,,
26.07.16,0,23.5,30.4,15.6,600,71.08,1.94,1.36,282.3,339.06,452.08,28,24.9,2016,,,,
25.07.16,0,26,30,19.6,600,67.62,2.23,3.46,273.3,323.15,438.51,28.2,25.6,2016,,,,
24.07.16,28,24.4,30.9,20,600,87.15,2.66,2.58,198.8,129.37,178.58,26.7,24.7,2016,,,,
23.07.16,0,25.6,33.5,16.9,600,73.95,2.27,1.13,250.1,300.43,410.46,30.3,25.2,2016,,,,
22.07.16,0,26.6,30.9,20,600,72.89,2.48,2.57,271.5,317.17,439.82,29.9,25.3,2016,,,,
21.07.16,7,23.8,30.9,19.7,600,85.42,2.48,2.57,196.3,180.9,250.48,27,24.1,2016,,,,
20.07.16,0,24.1,32,16.5,600,71.15,2.02,1.2,170.5,302.98,415.95,29.2,23.8,2016,,,,
19.07.16,0,23,30.9,15.2,600,69.94,1.82,1.13,299.1,295.99,396.97,27.1,23.3,2016,,,,
18.07.16,15,24.5,29.1,17.7,600,69.36,2.05,3.05,273.3,288.46,383.47,26.8,23.6,2016,,,,
17.07.16,0,20.4,30.1,10.9,600,76.03,1.78,3.38,170.1,240.76,320.88,24.9,21.6,2016,,,,
16.07.16,0,19,26.7,13.6,600,69.17,1.41,1.37,339,301.62,398.02,24.6,22.2,2016,,,,
15.07.16,2,20.3,24.5,16.4,600,76.35,1.78,2.92,272.5,215.37,291.24,24.2,22.9,2016,,,,
14.07.16,0,24.5,29.6,20.1,600,65.89,1.92,4.47,247.8,324.09,438.96,27.6,24.2,2016,,,,
13.07.16,16,23.8,30.6,20.4,600,86.45,2.5,3,205,226.9,306.87,26.7,24.5,2016,,,,
12.07.16,5,25,32.8,21.7,796,74.61,2.32,3.7,185.6,276.05,375.37,27.9,24.2,2016,,,,
11.07.16,7,23.2,30.8,15.8,983,73.51,2.05,2.24,144.2,219.73,294.88,26.4,23.1,2016,,,,
10.07.16,0,21.1,29.2,12.3,984,64.98,1.48,1.34,287.1,334.88,449.78,27.5,22.6,2016,,,,
09.07.16,0,20.9,26.4,16.9,980,71.66,1.74,3.51,293.8,195.06,256.11,25.4,22.6,2016,,,,
08.07.16,1,24.1,30.9,19,976,76.85,2.19,2.76,249.6,279.64,381.27,28.4,24.3,2016,,,,
07.07.16,3,24,30.3,17,977,76.51,2.23,1.47,228.7,226.29,315.29,28.9,23.5,2016,,,,
06.07.16,0,23.8,31,18.7,977,71.72,2.03,2.35,219.4,239.74,328.99,28.5,22.8,2016,,,,
05.07.16,0,23.3,28.6,18.8,979,72.51,2,2.21,254.9,268.01,362.77,28.7,22.4,2016,,,,
04.07.16,0,19.8,26.3,11.7,980,70.99,1.61,2.23,130.4,262.27,361.83,26.3,20.8,2016,,,,
03.07.16,0,18.2,25.5,8.8,985,64.31,1.21,1.69,116.4,299.77,394.34,24.9,20.3,2016,,,,
02.07.16,0,17.2,25.6,9.4,987,65.96,1.18,1.43,289.1,307.62,409.94,24.8,20.1,2016,,,,
01.07.16,4,18.5,22.6,11,982,71.03,1.47,3.25,290.4,289.49,388.13,24.5,20.9,2016,,,,
30.06.16,0,18.6,26.9,8.1,983,57.66,1.12,1.7,204.2,293.76,397.13,26.1,20.5,2016,,,,
29.06.16,0,17.3,26,7.8,985,57.62,1.04,1.76,293.7,362.86,494.09,25.7,20.3,2016,,,,
28.06.16,0,17.3,21.5,12.6,985,69.12,1.35,2.87,316.7,149.9,197.86,23.5,21.2,2016,,,,
27.06.16,0,24,29.9,17.9,983,66.17,1.88,3.61,260.7,354.34,496.68,29.5,23.3,2016,,,,
26.06.16,1,23.9,29,20.5,983,73.89,2.19,2.94,210.6,164.19,221.6,27.1,22.8,2016,,,,
25.06.16,0,21.9,29.3,12.8,986,61.94,1.51,2.43,174.4,346.32,458.47,29,22.6,2016,,,,
24.06.16,0,22.3,30.4,15,985,45.4,1.13,2.04,79.3,354.62,463.38,28.3,22.4,2016,,,,
23.06.16,0,21.1,26.3,17.7,978,78.59,1.89,2.25,59.7,239.13,310.49,26.3,22.2,2016,,,,
22.06.16,2,21.2,27.5,13.7,979,64.56,1.58,1.78,223.1,206.85,264.69,26.4,21.3,2016,,,,
21.06.16,0,20.4,25.1,13.9,981,56.55,1.3,3.02,262.2,349.38,447.32,27.6,21.5,2016,,,,
20.06.16,0,25.3,30.1,17.9,984,67.66,2.17,3.58,235.3,229.51,295.81,28.7,22.3,2016,,,,
19.06.16,0,23.6,30.6,15.1,990,62.57,1.67,2,173.9,341.58,433.22,29.2,21.8,2016,,,,
18.06.16,0,22.9,33.8,13,989,61.84,1.53,0.84,316.1,330.05,408.74,27,21.1,2016,,,,
17.06.16,0,22.1,29.9,14.9,984,61.34,1.5,2.25,27.3,350.25,480.39,24.2,20.6,2016,,,,
16.06.16,22,18.4,21.1,15.7,975,92.88,1.95,2.98,274.3,89.02,121.95,21.6,19.8,2016,,,,
15.06.16,11,22.9,29.6,16.1,976,70.84,1.97,3.12,198.7,303.41,427.19,26.6,20.7,2016,,,,
14.06.16,2,20.5,26.1,15.3,981,61.31,1.44,3.45,125.6,271,374.99,25.6,19.9,2016,,,,
13.06.16,0,17.7,25.9,9.9,984,61.03,1.17,2.07,110.9,241.94,331.36,24.2,19,2016,,,,
12.06.16,0,20.3,25.5,11,985,47.72,1.12,3.07,342.2,341.91,461.4,27,20.3,2016,,,,
11.06.16,0,25.8,30.4,20.2,980,61.8,2.03,3.12,256.1,331.93,473.66,29.8,20.6,2016,,,,
10.06.16,0,22.1,31.7,13.4,982,68.94,1.79,1.98,143.9,276.05,375.59,26.1,18.3,2016,,,,
09.06.16,0,14.6,24.2,4.4,983,66.38,1.06,1.24,181.1,185.74,252.11,18.7,15.5,2016,,,,
08.06.16,1,13.2,19.1,6.3,981,66.52,0.94,2.68,297.8,355.28,482.99,20.4,16.3,2016,,,,
07.06.16,0,13.4,16.7,9.3,975,78.73,1.19,3.59,295.5,150.3,201.82,17.8,16.6,2016,,,,
06.06.16,0,18.6,25.8,13.2,971,68.78,1.39,3.77,257.4,297.91,411.69,21.6,18.2,2016,,,,
05.06.16,3,18.4,22,15,971,82.19,1.7,3.58,244.7,165.43,223.15,21.3,18.4,2016,,,,
04.06.16,3,19.2,26.5,13.7,979,75.21,1.63,2.16,131.4,206.16,287.26,24,18.8,2016,,,,
03.06.16,0,18.8,29.4,10,984,66.25,1.33,0.96,250.8,350.34,481.81,25.8,18.5,2016,,,,
02.06.16,0,19.8,24.4,12.8,982,64.3,1.41,2.5,265,347.43,482.84,25.3,18.8,2016,,,,
01.06.16,1,20.4,25,15.3,982,62.61,1.49,2.26,158.4,178.79,245.86,23,18.7,2016,,,,
31.05.16,0,20.7,27.6,11.5,983,58.33,1.3,2.08,69,297.63,411.51,24.7,18.9,2016,,,,
30.05.16,0,21.4,27,13.6,983,64.5,1.57,2.09,264.8,347.13,487.89,26,19.3,2016,2.590909091,3.159763314,64.93909091,72.84686391
29.05.16,0,22.7,27.7,16.1,982,68.44,1.84,3.88,214.8,308.06,436.61,25.3,19.5,2016,43,,,
28.05.16,0,23.6,28.7,18.7,982,67.6,1.94,3.64,179.3,182.63,258.5,23.8,19,2016,,,,
27.05.16,0,22,27.1,15.9,980,77.94,2.02,2.25,174.6,232.15,334.14,24.3,18.7,2016,,,,
26.05.16,22,22,28.8,16.4,981,77.15,1.98,3.19,206.6,271.92,382.47,25.2,18.3,2016,,,,
25.05.16,0,22.6,29,15.5,982,58.64,1.59,2.73,184.8,316.25,440.66,26.6,17.1,2016,,,,
24.05.16,0,19.3,28.5,7.9,982,51.47,1.1,2.06,206.5,333.05,456.04,23.6,15.3,2016,,,,
23.05.16,0,16.3,26,12.6,983,52.8,0.85,1.42,134.5,358.75,469.73,21.5,14.4,2016,,,,
22.05.16,0,16.4,22.7,8.6,983,50.77,0.91,2.92,2,345.96,464.5,20.9,14.4,2016,,,,
21.05.16,0,16.9,22.7,9.6,984,48.12,0.87,2.6,21.7,311.27,418.89,20,13.9,2016,,,,
20.05.16,0,14.9,20.8,7.4,988,54.79,0.87,2.22,73.8,220.22,290.49,17,12.9,2016,,,,
19.05.16,0,13.4,24.5,2.7,989,53.79,0.74,1.13,292.7,346.06,466.16,18.1,12.7,2016,,,,
18.05.16,0,12.5,19.7,6.3,989,56.75,0.76,2.15,55.8,330,444.35,16.5,12.8,2016,,,,
17.05.16,0,13.4,17.7,8.6,988,68.91,1.02,2.07,335.7,227.32,312.63,16.1,12.6,2016,,,,
16.05.16,0,11.5,20,3.2,985,52.35,0.68,3.71,231.6,273.6,372.25,12.7,10.7,2016,,,,
15.05.16,0,5.2,8.9,1.6,984,59.88,0.51,4.2,284.8,283.94,382.18,9.9,10.7,2016,,,,
14.05.16,13,6.4,10.3,4.1,977,76.42,0.74,5.16,290.5,145.05,201.79,10.8,12,2016,,,,
13.05.16,3,13,17.1,9.4,980,70.84,1.03,3.63,262.9,297.07,416.56,16.7,13.7,2016,,,,
12.05.16,9,16.4,21.1,12.9,981,90.22,1.67,1.92,194.3,77.35,114.53,16.8,13.3,2016,,,,
11.05.16,1,14.5,21.3,9.6,985,84.39,1.38,2.44,97.5,177.98,247.45,16.6,12.1,2016,,,,
10.05.16,9,10.3,12.2,8.6,983,84.56,1.05,4.84,94.6,50.75,77.62,11.1,10.5,2016,,,,
09.05.16,0,10.7,15.6,3.6,983,56.54,0.69,2.92,138.1,139.89,193.66,12.4,10.8,2016,,,,
08.05.16,0,12.8,18.8,4.6,979,40.51,0.56,2.69,288.4,304.82,414.41,15.5,12.1,2016,,,,
07.05.16,0,16.7,22.2,9.4,973,51.26,0.98,3.39,281.4,251.74,354.7,16.6,12.8,2016,,,,
06.05.16,0,13.9,23.6,3.6,980,55.16,0.8,1.4,267.8,321.61,434.93,15.9,11.5,2016,,,,
05.05.16,3,11.4,18.9,6.6,978,73.58,0.94,4.11,355,270.74,376.72,13.9,10.4,2016,,,,
04.05.16,26,8.4,13.3,4.9,970,83.98,0.9,4.24,272.3,64.47,96.2,9.9,9.7,2016,,,,
03.05.16,0,11.5,18.6,2.8,979,65.38,0.8,2.02,289.6,312.46,436.67,14.1,10.2,2016,,,,
02.05.16,10,8.4,12.3,5.5,983,85.14,0.91,2.81,40.1,125.44,179.37,10.8,8.9,2016,,,,
01.05.16,0,8.4,10.1,6.1,981,94.2,1.02,3.63,49.7,58.06,83.86,9.9,8.8,2016,,,,
30.04.16,11,8.4,11.5,5.5,985,78.61,0.85,3.2,82.7,89.94,134.33,9.4,9,2016,,,,
29.04.16,0,7.4,11.4,5.4,985,78.77,0.79,2.05,44.1,131.96,187.33,10.5,9.1,2016,,,,
28.04.16,3,6.7,10.9,2.3,980,70.57,0.67,4.12,74.4,63.94,96.7,8.7,9.3,2016,,,,
27.04.16,0,8.8,15.3,2.6,980,61.71,0.64,3.98,64.6,249.5,350.94,12.2,10.6,2016,,,,
26.04.16,1,10.2,16,4.1,976,90.82,1.16,3.57,25.7,78.16,111.33,13.2,11.9,2016,,,,
25.04.16,3,18.2,25.4,10,975,52.83,1.12,4.01,173.3,216.6,306.45,17.4,12.2,2016,,,,
24.04.16,0,12.9,23.4,4.2,983,51.98,0.77,2.87,148.6,290.15,396.53,14.9,10.4,2016,,,,
23.04.16,0,9.7,17.1,2.8,987,63.77,0.71,2.34,58.3,303.3,417.91,14.1,10.2,2016,,,,
22.04.16,0,11.6,14.7,8.6,980,93.78,1.26,2.37,19.7,64.3,93.53,12.8,10,2016,,,,
21.04.16,7,12.3,16.9,8.9,978,83.3,1.19,2.06,163.3,59.92,93.05,13.6,10.2,2016,,,,
20.04.16,0,14.5,19.8,9.5,987,39.59,0.61,4.29,106,217.56,308.36,15.2,10.1,2016,,,,
19.04.16,0,12.1,16.5,8.8,990,62.1,0.86,3.98,60,114.27,166.88,13.5,10.3,2016,,,,
18.04.16,0,18,27.9,7.4,992,44.14,0.84,1.9,269.8,271.8,379.5,17.5,11,2016,,,,
17.04.16,0,17.5,28.6,6.4,995,32.02,0.58,1.74,100.2,305.01,407.54,16.2,10.1,2016,,,,
16.04.16,0,16.4,26.3,6.5,993,39.05,0.67,2.88,110.1,295.96,396.97,14.3,9,2016,,,,
15.04.16,0,12.1,22,2.3,991,43.8,0.57,2.92,110.9,297.34,395.16,11.2,7.2,2016,,,,
14.04.16,0,8.6,17.4,0.4,992,47.66,0.51,2.87,95.6,284.28,382.32,8.9,5.6,2016,,,,
13.04.16,0,5.3,13.3,-2.4,994,61.73,0.51,1.53,118.7,159.15,221.23,7.2,4.1,2016,,,,
12.04.16,0,3.2,8.8,-1.5,991,59.41,0.44,2.64,295.7,271.41,373.03,6.6,3.7,2016,,,,
11.04.16,3,7.2,10.1,1,977,75.91,0.78,4.21,263.9,195.89,272.67,7.5,3.8,2016,,,,
10.04.16,12,0.4,7.7,-2.4,982,82.51,0.53,4.52,161.2,22.79,39.41,1.1,1.2,2016,,,,
09.04.16,2,-2.5,2.3,-6.4,985,72.55,0.35,3.63,322.9,244.58,344.58,2.1,2.2,2016,,,,
08.04.16,7,-0.1,4.1,-3.2,975,81.51,0.49,2.37,295.3,99.68,142.53,2.6,2.5,2016,,,,
07.04.16,1,2,4,-1.3,968,85.08,0.59,4.91,298.9,74.3,108.67,4,3.5,2016,,,,
06.04.16,16,4.6,8.3,1.5,973,75.58,0.66,4.31,180,25.54,NaN,4.3,3.4,2016,,,,
05.04.16,0,-0.6,5.8,-7.8,995,62.8,0.34,2.95,119.1,274.4,-1814.57,4.9,3.4,2016,,,,
04.04.16,1,0,2.5,-3.7,982,82.32,0.5,4.25,16.1,69.97,NaN,3.2,3.7,2016,,,,
03.04.16,0,2.6,14.7,-5.2,977,67.23,0.49,4.66,223.4,217.86,NaN,5.8,3.7,2016,,,,
02.04.16,4,0.4,2.8,-3.6,970,83.78,0.52,4.48,266.1,102.61,NaN,3.5,4.7,2016,,,,
01.04.16,2,5.4,9.6,1.5,971,73.75,0.64,3.92,276.4,189.33,NaN,9.5,7.2,2016,,,,
31.03.16,32,13.6,16.5,4.7,964,88.61,1.37,6.46,208.2,50.82,NaN,12.2,8.2,2016,,,,
30.03.16,1,8.6,16.2,2.2,981,60.12,0.68,4.92,167.8,112.38,NaN,7.4,5,2016,,,,
29.03.16,0,4.8,13.2,-2.7,991,61.29,0.48,1.65,349.6,251.74,NaN,7.1,4.4,2016,,,,
28.03.16,5,4.7,7.2,-0.1,980,87.56,0.74,4.81,290.3,57.07,NaN,6.1,5.1,2016,,,,
27.03.16,5,9.4,20.2,1,981,66.18,0.74,3.22,159.5,185.71,NaN,9.1,5.3,2016,,,,
26.03.16,0,4.2,12.6,-3.4,988,70.61,0.54,2.1,133.1,230.52,NaN,6.4,3.4,2016,,,,
25.03.16,0,1.1,10.1,-3,981,75.58,0.48,2.5,329.9,186.54,NaN,5.4,3.3,2016,,,,
24.03.16,13,3.6,9.7,-0.9,969,96.32,0.75,3.88,51.7,32.58,NaN,4.8,3.6,2016,,,,
23.03.16,1,4.6,9.4,1.4,977,83.24,0.7,4.34,47.8,54.87,NaN,5.3,4.1,2016,,,,
22.03.16,0,7.5,16.6,-0.2,977,54.41,0.57,3.52,181.3,138.21,-1099.41,6.6,3.6,2016,,,,
21.03.16,0,1.4,7.2,-3.4,985,59.92,0.38,2.31,302.7,220.9,NaN,4.8,3.1,2016,,,,
20.03.16,0,0.2,6.5,-5.3,986,60.42,0.35,2.92,4.4,236.58,NaN,3.7,3.2,2016,,,,
19.03.16,0,1.2,6.1,-1.5,987,62.6,0.4,3.59,53.1,182.41,NaN,3.7,3.6,2016,,,,
18.03.16,0,2.4,9.2,-3.1,982,72.13,0.5,2.32,318.9,155.54,NaN,5,4.1,2016,,,,
17.03.16,0,7.5,10.2,-0.3,975,48.34,0.49,5.59,251.4,211.35,-2784.82,7,5.6,2016,,,,
16.03.16,3,10.4,12.9,7.8,968,66.98,0.82,7.69,206.6,152.05,NaN,9.6,6.8,2016,,,,
15.03.16,0,8.5,18,1,975,84.85,0.91,2.6,109.7,167.16,NaN,9.5,6.1,2016,,,,
14.03.16,2,8.8,10.4,5.8,972,93.12,1.04,2.41,242.3,51.76,NaN,9.4,6.1,2016,,,,
13.03.16,13,8.4,11.1,5.9,979,82.17,0.89,3.88,91.8,36.94,NaN,8,5.5,2016,,,,
12.03.16,0,8.1,15.1,0.4,988,72.94,0.74,1.44,133.8,127.8,NaN,8.4,5.1,2016,,,,
11.03.16,0,6.6,17.5,-0.5,993,70.36,0.62,1.35,29.8,208.99,NaN,7.9,4.9,2016,,,,
10.03.16,0,9.1,13.6,2.3,984,86.91,1.01,2.71,307.6,62.33,NaN,9.5,6,2016,,,,
09.03.16,3,15.8,19.5,13.4,979,74.09,1.32,4.27,211.5,58.1,NaN,11.7,6,2016,,,,
08.03.16,0,15,21.1,10.4,980,61.5,1.05,4.59,194,144.17,-1070.76,6.5,2.6,2016,,,,
07.03.16,0,9.1,15,4.5,980,67.96,0.78,3.88,191.3,157.19,-124.78,0.2,-0.4,2016,,,,
06.03.16,0,-0.2,5.8,-8,988,84.05,0.5,3.47,180.8,119.79,675.43,0.3,-0.4,2016,,,,
05.03.16,3,-1.4,1.9,-4.1,985,91.39,0.49,1.36,109.2,52.57,NaN,0.3,-0.3,2016,,,,
04.03.16,0,-3.9,7,-13.8,987,68.3,0.28,1.34,320.7,202.3,NaN,0.3,-0.3,2016,,,,
03.03.16,2,-6.4,-1.8,-11.4,985,82.27,0.32,1.85,74.6,65.75,4.69,0.2,0,2016,,,,
02.03.16,0,-6.2,-1.8,-12.1,985,68.26,0.25,2.49,291.8,176.03,-540.07,0.2,0,2016,,,,
01.03.16,24,-5.8,-4.2,-8.3,977,91.39,0.35,4.93,42.9,23.53,NaN,0.2,-0.1,2016,,,,
29.02.16,0,1.3,7.2,-4.8,977,71.52,0.48,5.5,285.6,103.57,NaN,1.9,1,2016,,,,
28.02.16,3,8.5,14.1,0.3,969,69.57,0.78,6.15,213.1,142.33,NaN,0.2,0.5,2016,,,,
27.02.16,0,1.3,7.8,-4,980,69.5,0.45,4.98,213.6,167.64,-985.95,0.3,-0.5,2016,,,,
26.02.16,0,-2.4,4,-5.7,987,67.5,0.33,2.37,269.5,100.51,NaN,0.3,-0.5,2016,,,,
25.02.16,7,-1.5,0.7,-4,974,85.72,0.45,5.73,317.4,125.89,NaN,0.2,-0.5,2016,,,,
24.02.16,9,-0.5,0.5,-1.9,969,85.12,0.49,6.28,26.7,28.18,NaN,0.2,-0.5,2016,,,,
23.02.16,0,1.2,7.3,-4.1,986,63.02,0.4,2.9,81.5,150.23,-789.33,1.8,0.1,2016,,,,
22.02.16,0,1,4.6,-2.1,987,75.27,0.48,2.29,85,92.55,NaN,2.5,0.1,2016,,,,
21.02.16,0,2.8,6.2,-0.8,984,78.71,0.57,2.11,352.6,94.46,NaN,2.6,-0.2,2016,,,,
20.02.16,0,8,12.4,2.9,976,56.43,0.59,4.65,255,164.28,-638.35,4.5,-0.1,2016,,,,
19.02.16,0,7.8,15.8,1.8,974,61.87,0.66,8.79,193.9,109,-145.19,0.9,-1.1,2016,,,,
18.02.16,0,-5.8,2.2,-16.2,994,75.96,0.31,3.7,143.7,118.66,195.25,0,-1,2016,,,,
17.02.16,0,-2.7,-0.2,-11.8,987,77.11,0.38,2.28,299.7,119.91,532.36,0.1,-1.1,2016,,,,
16.02.16,1,-2.4,-0.7,-3.8,976,89.08,0.44,1.22,285.5,41.36,256.33,0.1,-1.2,2016,,,,
15.02.16,1,-6.6,-3.7,-9.5,980,90.88,0.34,2.7,154.9,39.45,94.95,0.1,-1.2,2016,,,,
14.02.16,0,-12.9,-8.1,-21.9,993,71.43,0.16,3.01,87.8,109.81,138.6,0,-1,2016,,,,
13.02.16,0,-13.3,-9.3,-19.6,996,73.54,0.16,3.05,296,122.33,148.44,0,-0.9,2016,,,,
12.02.16,2,-9.6,-6.3,-14.2,986,79.88,0.23,4.41,262.1,69.6,93.13,0,-0.9,2016,,,,
11.02.16,0,-9.6,-4.8,-13.5,988,75.25,0.21,2.38,265.4,109.33,153.68,0.1,-0.9,2016,,,,
10.02.16,0,-8.1,-5.4,-12.5,978,69.8,0.23,4.64,308.4,98.95,154.63,0.3,-0.8,2016,,,,
09.02.16,1,-3.3,-0.8,-6.2,971,85.64,0.41,3.86,293.5,45.88,130.48,0.6,-0.6,2016,,,,
08.02.16,2,0.2,3.2,-3.2,970,87,0.53,2.11,237,73.7,167.93,1.1,-0.6,2016,,,,
07.02.16,0,3.2,7.2,-1.1,978,72.3,0.54,4.31,204.4,81.67,143.01,1.2,-0.7,2016,,,,
06.02.16,0,-2,2.4,-7.4,990,77.93,0.4,2.82,225.8,113.85,227.14,0,-1,2016,,,,
05.02.16,0,-3.8,2.6,-8.4,992,83.48,0.38,2.16,236.3,77.48,188.85,0.1,-0.9,2016,,,,
04.02.16,2,-2.8,-0.4,-9,987,84.31,0.42,3.19,260.6,39.19,302.27,0.2,-0.5,2016,,,,
03.02.16,3,2.4,4.2,-0.5,970,90.81,0.65,4.26,228.3,28.1,443.21,1.1,-0.1,2016,,,,
02.02.16,11,0.3,3.4,-3.6,981,89.1,0.55,3.89,61.6,24.95,262.54,0.1,-0.7,2016,,,,
01.02.16,0,2.1,6.6,-3.5,981,87.98,0.61,2.34,270,88.44,333.06,0.3,-0.1,2016,,,,
31.01.16,2,5.6,9,2.2,969,92.08,0.84,3.06,199.3,20.05,385.19,0.2,-0.6,2016,,,,
30.01.16,0,2.8,8.4,-0.9,972,72.09,0.53,3.91,204.3,95.08,99.3,0.2,-0.8,2016,,,,
29.01.16,0,-3.3,0.2,-6,978,67.52,0.31,3.57,291.4,123.63,89.21,0.2,-0.8,2016,,,,
28.01.16,2,-0.6,0.9,-2.9,971,83.6,0.48,4.98,241.2,16.33,-23.46,0.2,-0.8,2016,,,,
27.01.16,0,-2.8,-2,-4.8,986,77.21,0.38,4.8,226.9,29.35,28.64,0.2,-0.8,2016,,,,
26.01.16,2,0.8,5.5,-2.9,977,87.82,0.57,5.99,243.4,9.77,127.86,0.1,-0.7,2016,,,,
25.01.16,1,-0.1,4.4,-4.7,978,80.03,0.48,3.27,163,87.81,-102.79,0.1,-0.8,2016,,,,
24.01.16,0,-4.4,-0.7,-10.1,982,79.51,0.34,2.65,213.3,71.34,-594,0.1,-0.7,2016,,,,
23.01.16,0,-5.4,6,-9.3,987,78.88,0.31,2.38,356.4,103.9,-220.45,0.1,-0.7,2016,,,,
22.01.16,0,-4.5,-1.4,-8,990,77.25,0.33,2.49,31.1,70.92,-452.86,0.1,-0.7,2016,,,,
21.01.16,0,-5.3,-3.3,-7.3,992,78.58,0.31,2.13,216.2,49.45,-473.83,0.1,-0.8,2016,,,,
20.01.16,1,-9.3,-2.1,-13.3,991,82.43,0.24,0.91,212.9,73.28,-672.9,0.1,-0.9,2016,,,,
19.01.16,0,-10.9,-4.9,-15.5,994,80.78,0.2,2.39,231.4,99.99,-567.7,0,-0.7,2016,,,,
18.01.16,1,-12.1,-10,-13.4,986,84.01,0.2,4.14,260.1,61.3,-651.3,0,-0.7,2016,,,,
17.01.16,0,-10.8,-4,-14.1,979,78.08,0.21,4.99,269.3,68.55,-439.84,0.1,-0.7,2016,,,,
16.01.16,0,-2.1,-0.2,-4,973,77.81,0.4,4.89,281.5,33.66,-198.32,0.1,-0.5,2016,,,,
15.01.16,2,3.6,5.5,-0.3,965,87.34,0.68,4.03,207.3,26.44,NaN,0.1,-0.6,2016,,,,
14.01.16,0,-1.6,4.2,-7.6,973,82.49,0.44,3.08,192.9,84.23,-1130.33,0.1,-0.7,2016,,,,
13.01.16,1,-10.9,-7.5,-12.4,982,82.23,0.21,4.51,221.1,49.53,-2057.2,0.1,-0.8,2016,,,,
12.01.16,2,-8.4,-4.8,-10.3,975,88.37,0.28,5.3,265.9,74.14,-1738.13,0.1,-0.8,2016,,,,
11.01.16,2,-11.4,-8.1,-14,981,81.02,0.2,4.51,207.1,79.87,-1573.32,0.1,-0.9,2016,,,,
10.01.16,5,-4,2,-10.1,973,88.04,0.4,5.96,310.4,37.92,-415.88,0.1,-0.8,2016,,,,
09.01.16,13,4.5,5.8,1.9,975,97.93,0.8,2.71,215,12.08,1219.93,0.1,-0.8,2016,,,,
08.01.16,4,2.2,5.3,0.4,978,80.45,0.58,1.95,123.4,20.23,484.14,0,-0.8,2016,,,,
07.01.16,0,1.7,5.5,-2.5,987,56.92,0.38,1.94,152.7,61.3,-936.99,-0.5,-0.9,2016,,,,
06.01.16,0,-2.8,1.9,-6.8,993,65.82,0.32,3.4,194.9,87.6,-574.02,-1.4,-0.9,2016,,,,
05.01.16,0,-7.2,-1.5,-11.7,999,75.97,0.26,2.75,170.3,100.44,-62.48,-1.2,-0.7,2016,,,,
04.01.16,0,-5.8,-3.4,-11.2,994,76.51,0.3,2.27,4.5,72.52,-484.04,0,-0.3,2016,,,,
03.01.16,0,-0.8,0.7,-3.6,982,70.01,0.4,4.2,312.7,31.07,NaN,0.3,0.1,2016,,,,
02.01.16,0,-1.2,1,-2.8,982,76.81,0.42,5.01,238.1,70.22,-754.59,0.3,0.1,2016,,,,
01.01.16,0,-3.6,-2.4,-4.9,986,81.12,0.37,5.63,238.8,10.53,-859.21,0.3,0.3,2016,,,,